paperaudio_id,play_id
1,86
1,29
1,47
1,18
1,7
1,72
1,87
2,83
2,5
2,88
2,65
2,6
2,70
3,30
3,66
3,32
4,30
4,66
4,32
5,72
5,68
5,33
6,90
6,91
6,35
7,90
7,91
7,35
8,27
10,26
10,82
11,26
11,82
12,26
12,82
13,26
13,82
14,26
14,82
19,62
20,62
21,62
23,62
24,62
25,3
25,70
26,109
26,3
27,73
28,73
29,92
29,79
29,15
29,32
30,92
30,79
30,15
30,32
31,93
31,37
32,93
32,37
33,93
33,37
34,37
34,93
35,80
35,94
35,64
36,80
36,94
36,64
37,94
37,64
37,80
38,94
38,64
38,80
39,94
39,64
39,80
42,79
42,95
42,9
42,83
43,79
43,95
43,9
43,83
45,19
45,22
46,19
46,22
47,19
47,22
48,19
48,22
49,61
49,96
49,71
49,31
50,72
50,75
50,83
52,72
52,75
52,83
53,72
53,75
53,83
54,72
54,75
54,83
55,72
55,75
55,83
56,169
56,97
56,20
56,98
56,58
56,5
57,5
57,20
57,58
57,97
57,98
58,5
58,20
58,58
58,97
58,98
60,99
60,92
60,24
60,35
61,99
61,35
61,24
61,92
62,99
62,92
62,24
62,33
63,99
63,92
63,24
63,35
64,99
64,92
64,24
64,35
67,100
67,72
67,82
67,101
67,65
67,60
68,100
68,72
68,82
68,101
68,65
68,60
69,38
69,101
69,7
70,38
70,101
70,7
71,38
71,101
71,7
73,29
73,102
73,103
73,23
73,33
74,29
74,102
74,103
74,23
74,33
76,73
77,73
78,73
79,73
81,104
81,33
81,32
82,57
82,39
82,34
82,104
82,32
84,105
84,21
84,96
84,45
85,45
85,105
85,21
85,96
86,45
86,105
86,21
86,96
87,45
87,105
87,21
87,96
88,35
89,35
90,63
91,63
93,63
94,63
95,16
95,82
95,49
96,16
96,82
96,49
97,100
97,2
97,90
97,6
97,88
98,100
98,2
98,90
98,6
98,88
100,109
100,45
100,60
100,33
100,82
100,83
101,110
102,110
103,110
104,110
105,110
106,110
107,62
107,41
107,66
107,77
107,16
107,54
107,36
108,62
108,41
108,66
108,77
108,16
108,54
108,36
109,111
109,112
109,83
110,111
110,112
110,83
111,106
111,41
111,107
111,95
111,104
111,25
112,106
112,41
112,107
112,95
112,104
112,25
113,106
113,41
113,107
113,95
113,104
113,25
114,106
114,41
114,107
114,95
114,104
114,25
115,106
115,41
115,107
115,95
115,104
115,25
116,75
116,106
116,27
117,106
117,75
117,107
117,18
117,27
117,59
118,106
118,75
118,107
118,18
118,27
118,59
120,17
121,75
121,108
121,17
121,1
122,17
122,1
122,75
122,108
123,17
123,1
123,75
123,108
124,17
124,1
124,75
124,108
125,17
125,1
125,75
125,108
127,40
127,34
127,7
127,17
128,40
128,34
128,7
128,17
129,40
129,34
129,7
129,17
130,40
130,7
131,40
131,7
132,40
132,7
135,100
135,85
135,113
135,73
135,32
136,100
136,85
136,113
136,73
136,32
137,23
137,6
137,87
137,114
137,29
137,109
138,6
138,29
138,109
138,114
138,23
139,23
139,6
139,87
139,114
139,29
139,109
140,23
140,6
140,87
140,114
140,29
140,109
141,23
141,6
141,87
141,114
141,29
141,109
142,16
143,16
144,16
145,16
145,115
146,16
146,115
147,16
147,115
148,16
148,115
149,102
149,97
149,29
149,72
149,6
149,62
150,11
150,3
150,25
150,82
151,11
151,3
151,25
151,82
152,58
152,90
153,58
153,90
154,58
154,90
155,70
155,60
155,7
156,93
156,45
156,60
156,70
157,93
157,45
157,60
157,70
158,30
158,80
158,74
159,30
159,80
159,74
160,30
160,80
160,74
161,30
161,80
161,74
162,72
162,118
162,90
162,116
162,31
163,72
163,118
163,90
163,116
163,31
164,72
165,72
165,119
166,72
166,119
167,72
167,119
168,121
168,120
168,108
168,63
168,80
169,120
169,80
169,121
169,62
169,108
169,63
170,120
170,80
170,121
170,62
170,108
170,63
171,55
171,48
171,82
172,55
172,48
172,82
173,55
173,48
173,82
174,55
174,48
174,82
176,122
176,1
176,74
176,29
176,83
177,122
177,1
177,74
177,29
177,83
178,78
179,78
180,78
181,78
183,27
183,15
183,26
183,22
183,47
184,27
184,15
184,26
184,22
184,47
185,27
186,27
187,27
188,27
189,27
191,30
191,48
191,14
191,100
192,100
192,48
192,14
192,30
193,73
193,32
193,26
193,3
194,32
195,73
195,32
195,26
195,3
196,73
196,32
196,26
196,3
197,73
197,32
197,26
197,3
198,73
198,32
198,26
198,3
199,73
199,32
199,26
199,3
200,68
200,38
200,73
200,37
201,68
201,38
201,73
201,37
203,15
203,5
203,81
203,71
204,15
204,5
204,81
204,71
205,71
205,81
205,15
205,5
206,71
206,5
206,81
206,15
208,15
208,5
208,81
208,71
209,15
209,5
209,81
209,71
210,15
210,5
210,81
210,71
211,15
211,5
211,81
211,71
212,64
212,125
212,104
212,63
213,125
213,104
213,63
213,64
214,125
214,104
214,63
214,64
215,35
216,110
216,127
216,58
216,4
217,110
217,127
217,58
217,4
218,63
219,63
220,63
221,63
222,63
223,63
224,63
225,63
226,63
228,5
228,77
228,27
228,75
228,46
229,5
229,77
229,27
229,75
229,46
230,29
231,82
232,94
233,77
234,39
235,29
235,82
235,94
235,77
235,39
236,82
237,29
237,82
237,94
237,77
237,39
238,29
238,82
238,94
238,77
239,29
239,94
240,29
240,82
240,94
240,77
240,39
241,29
241,82
241,94
241,77
241,39
242,29
242,82
242,94
242,77
242,39
243,79
244,79
245,79
246,79
247,79
248,79
249,79
250,79
251,79
252,79
253,79
254,79
255,79
256,79
257,79
258,16
258,70
258,45
258,59
259,16
259,70
259,45
259,59
260,26
261,32
262,32
263,32
264,26
264,32
264,21
264,59
265,26
266,26
266,32
266,21
266,59
267,26
267,32
267,21
267,59
268,73
268,33
269,80
270,80
271,129
272,24
273,129
273,24
273,80
274,80
275,129
275,24
275,80
276,130
277,98
278,98
279,18
281,2
282,2
282,98
282,18
283,2
283,67
284,18
284,2
284,98
285,98
285,2
285,18
286,98
286,2
286,18
287,98
287,2
287,18
288,98
288,2
288,18
289,98
289,2
289,18
290,98
290,2
290,18
291,98
291,2
291,18
292,18
292,88
292,7
292,83
293,18
293,88
293,7
293,83
294,63
296,45
296,33
296,109
297,45
297,33
297,109
298,45
298,33
298,109
299,45
299,33
299,109
300,45
300,33
300,109
304,40
304,70
304,42
304,24
304,6
305,40
305,70
305,42
305,24
305,6
306,40
306,70
306,42
306,24
306,6
307,73
307,83
307,75
307,20
307,61
308,73
308,83
308,75
308,20
308,61
309,73
309,83
309,75
309,20
309,61
310,73
310,83
310,75
310,20
310,61
311,73
311,83
311,75
311,20
311,61
312,73
312,83
312,75
312,20
312,61
313,73
313,83
313,75
313,20
313,61
314,73
314,83
314,75
314,20
314,61
316,62
317,62
318,62
319,57
320,57
321,57
322,57
323,57
324,57
325,133
325,91
325,134
327,1
327,33
327,31
327,71
327,3
328,1
328,34
328,31
328,71
328,3
329,1
329,34
329,31
329,71
329,3
330,1
330,34
330,31
330,71
330,3
337,27
338,36
338,13
338,27
338,16
338,64
338,126
339,27
339,13
339,16
339,126
340,36
340,13
340,27
340,16
340,64
340,126
341,36
341,13
341,27
341,16
341,64
341,126
342,27
342,16
342,13
342,126
342,64
343,36
343,13
343,27
343,16
343,64
343,126
344,13
344,126
345,27
345,16
345,126
345,13
345,64
346,36
346,13
346,27
346,16
346,64
346,126
347,36
347,13
347,27
347,16
347,64
347,126
348,36
348,13
348,27
348,16
348,64
348,126
351,63
352,63
353,63
355,73
355,35
355,49
356,73
356,35
356,49
357,73
357,35
357,49
358,73
358,35
358,49
359,73
359,35
359,49
360,73
361,73
363,26
364,26
365,26
366,26
367,26
368,26
368,54
369,26
369,54
370,26
370,54
371,26
371,54
372,26
372,54
373,26
373,54
374,26
374,54
375,80
375,16
375,36
375,2
375,67
376,16
376,2
376,80
376,36
376,67
377,80
377,16
377,36
377,2
377,67
378,80
378,16
378,36
378,2
378,67
379,72
379,75
379,62
379,4
379,46
380,72
380,75
380,62
380,4
380,46
381,72
381,75
381,62
381,4
381,46
382,72
382,75
382,62
382,4
382,46
383,72
383,75
383,62
383,4
383,46
384,72
384,75
384,62
384,4
384,46
385,72
385,75
385,62
385,4
385,46
386,72
386,75
386,62
386,4
386,46
387,82
387,57
387,11
388,11
388,82
388,57
389,11
389,82
389,57
390,135
390,60
390,36
390,32
391,135
391,60
391,36
391,32
392,135
392,60
392,36
392,32
393,135
393,60
393,36
393,32
394,135
394,60
394,36
394,32
395,135
395,60
395,36
395,32
396,135
396,60
396,36
396,32
397,135
397,60
397,36
397,32
398,135
398,60
398,36
398,32
399,135
399,109
399,29
399,98
400,135
400,109
400,29
400,98
401,135
401,109
401,29
401,98
402,79
402,73
403,79
404,79
405,79
406,79
410,72
410,87
410,45
410,136
411,72
411,87
411,45
411,136
413,40
414,40
414,85
414,137
414,38
415,40
415,85
415,137
415,38
416,40
416,85
416,137
416,38
417,40
417,85
417,137
417,38
418,40
418,85
418,137
418,38
419,106
419,60
419,62
419,95
419,66
419,25
420,106
420,60
420,62
420,95
420,66
420,25
421,106
421,60
421,62
421,95
421,66
421,25
423,25
423,34
423,71
423,100
423,167
423,83
423,104
424,100
424,83
424,104
424,25
424,71
425,100
425,83
425,104
425,25
425,34
425,71
426,100
426,83
426,104
426,25
426,34
426,71
427,100
427,83
427,104
427,25
427,34
427,71
428,100
428,167
428,104
428,83
428,25
428,34
428,71
429,83
429,100
429,104
429,25
429,33
429,71
430,100
430,83
430,104
430,25
430,34
430,71
431,100
431,83
431,104
431,25
431,34
431,71
432,100
432,83
432,104
432,25
432,34
432,71
433,64
433,93
433,104
433,33
433,7
434,64
434,93
434,104
434,33
434,7
435,116
435,72
436,56
436,138
436,75
436,5
437,56
437,138
437,75
437,5
438,56
438,138
438,75
438,5
439,56
439,138
439,75
439,5
440,56
440,138
440,75
440,5
441,56
441,138
441,75
441,5
442,56
442,63
442,37
442,29
443,63
443,29
443,37
443,56
444,63
444,29
444,37
444,56
445,16
446,16
447,16
447,64
448,16
448,64
449,16
449,64
450,16
450,64
451,16
451,64
452,80
453,80
454,80
454,16
455,80
455,16
455,64
456,80
456,16
456,64
457,80
457,16
457,64
458,100
458,90
458,38
458,27
458,83
459,100
459,90
459,38
459,27
459,83
460,100
460,90
460,38
460,27
460,83
461,100
461,90
461,38
461,27
461,83
462,7
463,7
464,2
465,7
466,7
466,3
466,2
467,2
468,7
468,3
468,2
469,7
469,3
469,2
470,7
470,3
470,2
471,7
471,3
471,2
472,7
472,3
472,2
473,7
473,3
473,2
474,7
474,3
474,2
475,7
475,3
475,2
476,19
476,20
476,39
476,30
476,14
477,19
477,20
477,39
477,30
477,14
478,19
478,20
478,39
478,30
478,14
479,62
480,62
481,62
482,62
483,62
484,62
485,62
486,62
487,62
488,62
489,62
490,62
493,26
493,59
493,120
493,32
494,26
494,59
494,120
494,32
495,26
495,59
495,120
495,32
496,93
497,18
497,47
498,139
499,22
499,93
499,18
499,47
500,139
500,93
500,18
500,47
501,93
501,139
501,18
501,47
502,93
502,139
502,18
502,47
503,93
503,139
503,18
503,47
504,93
504,139
504,18
504,47
505,93
505,139
505,18
505,47
506,93
506,139
506,18
506,47
507,93
507,139
507,18
507,47
508,93
508,139
508,18
508,47
509,36
509,6
510,36
510,92
510,52
510,22
510,4
511,36
511,92
511,52
511,22
511,4
512,36
512,92
512,52
512,22
512,4
522,63
523,63
524,63
525,63
526,63
527,63
528,63
529,46
529,168
529,16
529,116
529,75
529,3
530,40
530,168
530,4
531,1
531,40
531,4
532,1
532,40
533,1
533,40
533,4
534,1
534,40
534,4
535,1
535,40
535,4
536,1
536,40
536,4
537,1
537,40
537,4
538,1
538,40
538,4
539,1
539,40
539,4
540,16
540,82
540,109
540,3
540,67
541,79
542,79
543,79
545,19
546,30
547,19
548,19
549,19
550,19
550,30
551,30
551,19
552,30
552,19
553,30
554,30
554,19
555,30
555,19
556,30
556,19
557,30
557,19
558,78
558,71
558,141
559,78
559,71
559,141
560,78
560,71
560,141
561,58
562,58
563,58
563,6
564,58
564,6
565,58
565,6
566,58
566,6
567,58
567,6
568,58
568,6
569,58
569,6
570,110
571,110
572,110
573,110
574,110
575,110
576,110
577,110
578,110
579,73
580,73
581,73
582,28
582,76
582,61
583,28
584,28
585,28
585,76
585,61
586,28
586,76
586,61
587,28
587,76
587,61
588,28
588,76
588,61
589,28
589,76
589,61
590,28
590,76
590,61
591,28
591,76
591,61
592,28
592,76
592,61
594,68
594,6
594,62
594,80
594,27
595,68
595,6
595,62
595,80
595,27
596,68
596,6
596,62
596,80
596,27
597,90
598,90
598,11
599,90
599,11
600,90
600,11
601,90
601,11
602,90
602,11
603,90
603,11
604,90
604,11
605,90
605,11
606,90
606,11
607,11
607,61
607,23
607,60
607,31
608,11
608,61
608,64
608,60
608,31
609,11
609,61
609,64
609,60
609,31
610,11
610,61
610,64
610,60
610,31
611,48
611,57
611,142
611,82
612,48
612,57
612,142
612,82
612,138
613,48
613,57
613,142
613,82
613,138
614,48
614,57
614,142
614,82
614,138
615,48
615,57
615,142
615,82
615,138
616,48
616,57
616,142
616,82
616,138
617,48
617,57
617,142
617,82
617,138
618,48
618,57
618,142
618,82
618,138
621,82
622,48
622,82
622,47
622,119
622,2
623,48
623,82
623,47
623,119
623,2
624,48
624,82
624,47
624,119
624,2
628,27
629,27
630,27
631,27
632,27
633,27
634,27
635,27
636,7
637,7
642,72
643,72
644,72
645,2
645,3
645,1
646,2
646,3
646,1
647,2
647,3
647,1
655,100
658,100
658,62
659,100
659,62
660,42
660,62
660,57
660,24
660,40
660,34
660,3
662,100
662,62
670,100
670,62
679,100
679,62
680,100
680,62
681,100
681,62
683,100
683,62
684,100
684,73
685,100
685,73
686,100
686,73
687,100
687,73
688,100
688,73
689,24
690,57
691,57
693,57
694,40
694,34
694,3
695,40
695,34
695,3
696,40
696,34
696,3
698,15
699,15
699,122
699,13
699,126
700,15
700,122
700,13
700,126
701,15
701,122
701,13
701,126
702,15
702,122
702,13
702,126
703,15
703,122
703,13
703,126
705,15
705,122
705,13
705,126
706,15
706,122
706,13
706,126
707,15
707,122
707,13
707,126
708,15
708,122
708,13
708,126
709,15
709,122
709,13
709,126
710,15
710,122
710,13
710,126
711,15
711,122
711,13
711,126
712,15
712,122
712,13
712,126
713,15
713,122
713,13
713,126
714,116
714,73
714,24
714,62
715,29
715,5
715,143
716,29
717,29
717,5
717,143
718,29
718,5
718,143
719,29
719,5
719,143
720,29
720,5
720,143
721,49
721,80
722,80
722,49
723,80
723,49
724,80
724,49
725,80
725,49
726,80
726,49
727,24
728,49
728,80
728,24
729,49
729,80
729,24
730,63
730,70
731,63
731,70
732,63
732,70
733,63
733,70
734,7
734,4
735,7
736,4
737,8
738,7
739,7
739,8
739,4
740,7
740,8
740,4
741,7
741,8
741,4
742,7
742,8
742,4
743,7
743,8
743,4
744,7
744,8
744,4
745,42
745,170
745,26
745,137
745,66
745,144
746,42
746,26
746,137
746,66
746,144
746,83
747,42
747,26
747,137
747,66
747,144
747,83
748,42
748,26
748,137
748,66
748,144
748,83
749,42
749,26
749,137
749,66
749,144
749,83
750,42
750,41
750,26
750,70
750,16
750,37
750,83
751,170
751,26
751,83
752,170
752,42
752,41
752,26
752,70
752,83
753,170
753,26
753,42
753,70
753,41
753,16
753,37
753,83
754,119
754,73
754,33
754,67
755,119
755,73
755,33
755,67
756,119
756,73
756,33
756,67
757,71
757,28
757,145
758,71
758,28
758,145
759,71
759,28
759,145
760,58
760,18
760,146
760,93
760,77
761,58
761,18
761,146
761,93
761,77
762,58
762,18
762,146
762,93
762,77
763,58
763,18
763,146
763,93
763,77
764,58
764,18
764,146
764,93
764,77
765,58
765,18
765,146
765,93
765,77
766,58
766,18
766,146
766,93
766,77
767,58
767,18
767,146
767,93
767,77
768,58
768,18
768,146
768,93
768,77
769,139
769,98
769,18
770,139
770,98
770,18
771,139
771,98
771,18
772,16
772,127
772,147
772,148
772,32
773,16
773,127
773,147
773,148
773,32
774,16
774,127
774,147
774,148
774,32
775,119
775,72
776,119
776,72
777,119
777,72
778,119
778,72
779,119
779,72
780,60
781,53
781,149
781,150
781,87
781,75
781,109
782,53
782,149
782,150
782,87
782,75
782,109
783,53
783,149
783,150
783,87
783,75
783,109
784,40
785,24
785,148
785,136
785,40
786,24
786,148
786,136
786,40
787,24
787,148
787,136
787,40
788,24
788,148
788,136
788,40
789,79
790,79
791,79
792,79
793,79
794,79
795,29
796,29
797,29
798,29
799,29
801,93
801,151
801,52
801,55
801,104
801,146
802,93
802,151
802,52
802,55
802,104
802,146
803,93
803,151
803,52
803,55
803,104
803,146
804,93
804,151
804,52
804,55
804,104
804,146
805,152
805,9
805,36
805,73
805,153
805,12
806,152
806,9
806,36
806,73
806,153
806,12
807,152
807,9
807,36
807,73
807,153
807,12
808,79
809,79
810,79
811,79
812,79
813,79
814,79
815,24
815,2
815,7
816,24
816,2
816,7
817,24
817,2
817,7
818,24
818,2
818,7
819,100
819,72
819,80
819,41
819,82
819,64
820,100
820,72
820,80
820,41
820,82
820,64
821,100
821,72
821,80
821,41
821,82
821,64
822,76
822,113
822,2
823,76
824,76
824,113
824,2
825,76
825,113
825,2
826,76
826,113
826,2
827,76
827,113
827,2
828,76
828,113
828,2
829,76
829,113
829,2
830,60
830,39
830,1
831,16
831,171
832,16
833,171
833,16
834,16
835,16
836,16
837,3
838,3
839,3
840,114
840,62
840,71
840,49
841,114
841,62
841,71
841,49
842,114
842,62
842,71
842,49
843,114
843,62
843,71
843,49
844,156
844,47
845,154
845,155
845,70
845,156
845,47
846,154
846,155
846,70
846,156
846,47
847,154
847,155
847,70
847,156
847,47
848,154
848,155
848,70
848,156
848,47
849,90
849,82
849,71
849,114
850,114
850,71
850,90
850,82
850,47
851,114
851,71
851,90
851,82
851,47
852,114
852,71
852,90
852,82
852,47
853,114
853,71
853,90
853,82
853,47
854,114
854,71
854,90
854,82
854,47
855,90
855,38
855,4
856,90
856,38
856,4
857,90
857,38
857,4
858,36
858,6
859,36
859,6
860,36
860,6
861,36
861,6
862,36
862,6
863,36
863,6
864,80
866,36
866,80
867,53
867,78
867,119
867,68
867,77
868,53
868,78
868,119
868,68
868,77
869,53
869,78
869,119
869,68
869,77
870,53
870,78
870,119
870,68
870,77
871,3
872,7
872,3
872,17
873,7
873,3
873,17
874,7
874,3
874,17
875,7
875,3
875,17
876,7
876,3
876,17
877,7
877,3
877,17
878,7
878,3
878,17
879,66
879,33
879,25
879,141
879,45
879,157
880,66
880,33
880,25
880,141
880,45
880,157
881,66
881,33
881,25
881,141
881,45
881,157
882,142
882,140
882,34
882,50
882,27
883,142
883,140
883,34
883,50
883,27
884,142
884,140
884,34
884,50
884,27
885,66
885,34
885,67
885,27
886,66
886,34
886,67
886,27
887,66
887,34
887,67
887,27
888,62
889,22
889,59
889,39
889,125
890,22
890,59
890,39
890,125
891,22
891,59
891,39
891,125
892,51
892,158
892,159
893,51
893,158
893,159
894,51
894,158
894,159
895,51
895,158
895,159
896,51
896,158
896,159
897,51
897,158
897,159
898,26
899,26
900,26
901,26
902,26
903,26
904,63
905,63
906,63
907,63
908,63
909,63
910,63
911,63
912,63
913,63
914,63
915,63
917,100
917,106
917,60
917,109
917,120
917,35
917,160
918,100
918,106
918,60
918,109
918,120
918,35
918,160
919,100
919,106
919,60
919,109
919,120
919,35
919,160
920,100
920,106
920,60
920,109
920,120
920,35
920,160
921,28
921,38
921,137
922,28
922,38
922,137
923,62
923,32
924,62
924,32
925,62
925,32
926,73
927,73
928,73
929,73
930,121
930,6
930,57
931,121
931,6
931,57
932,121
932,6
932,57
934,161
934,162
934,103
935,161
935,162
935,103
936,161
936,162
936,103
937,18
937,164
937,37
938,18
938,164
938,37
939,18
939,164
939,37
940,18
940,1
940,136
941,18
941,1
941,136
942,18
942,1
942,136
943,62
943,32
944,62
944,32
945,62
945,32
946,24
947,53
947,48
947,87
947,19
947,37
947,138
948,53
948,48
948,87
948,19
948,37
948,138
949,53
949,48
949,87
949,19
949,37
949,138
950,5
950,4
951,5
951,2
951,6
952,5
952,4
952,6
953,5
953,4
953,6
954,5
954,4
955,5
955,4
955,6
956,5
956,4
956,6
957,5
957,4
957,6
958,34
958,80
958,129
958,73
959,42
959,30
959,50
959,62
960,42
960,30
960,50
960,62
961,42
961,30
961,50
961,62
962,42
962,30
962,50
962,62
963,30
963,49
963,95
963,57
964,30
964,49
964,95
964,57
965,30
965,49
965,95
965,57
966,93
966,104
966,31
966,156
967,93
967,104
967,31
967,156
968,93
968,104
968,31
968,156
969,173
969,70
969,3
970,173
970,70
970,3
971,173
971,70
971,3
972,110
973,110
974,110
975,41
975,61
975,110
976,41
976,61
976,110
977,41
977,61
977,110
978,53
978,45
978,35
979,53
979,45
979,35
980,80
981,100
981,29
981,45
981,108
981,79
982,100
982,29
982,45
982,108
982,79
983,100
983,29
983,45
983,108
983,79
984,100
984,29
984,45
984,108
984,79
985,94
985,61
985,29
986,94
986,61
986,29
987,94
987,61
987,29
988,94
988,61
988,29
989,94
989,61
989,29
991,95
991,82
991,25
991,56
992,95
992,82
992,25
992,56
993,95
993,82
993,25
993,56
994,121
994,58
994,60
994,56
995,11
995,72
995,111
996,11
996,72
996,111
997,11
997,72
997,111
998,154
998,9
998,59
998,7
999,154
999,9
999,59
999,7
1000,154
1000,9
1000,59
1000,7
1001,62
1002,62
1003,62
1004,36
1004,76
1004,47
1005,36
1005,76
1005,47
1006,36
1006,76
1006,47
1007,75
1007,65
1007,138
1008,75
1008,65
1008,138
1009,35
1010,165
1010,166
1010,65
1010,5
1010,66
1010,6
1010,157
1011,165
1011,166
1011,65
1011,5
1011,66
1011,6
1011,157
1012,165
1012,166
1012,65
1012,5
1012,66
1012,6
1012,157
1013,165
1013,166
1013,65
1013,5
1013,66
1013,6
1013,157
1014,29
1015,29
1016,29
1017,68
1017,80
1017,72
1017,82
1017,146
1018,68
1018,80
1018,72
1018,82
1018,146
1019,68
1019,80
1019,72
1019,82
1019,146
1020,77
1020,24
1020,146
1020,135
1020,109
1021,77
1021,24
1021,146
1021,135
1021,109
1022,77
1022,24
1022,146
1022,135
1022,109
1023,145
1023,127
1023,67
1023,1
1024,145
1024,127
1024,67
1024,1
1025,145
1025,127
1025,67
1025,1
1026,27
1027,27
1028,27
1029,2
1029,39
1029,23
1029,153
1029,52
1030,2
1030,39
1030,23
1030,153
1030,52
1031,2
1031,39
1031,23
1031,153
1031,52
1032,100
1032,75
1032,27
1032,80
1033,100
1033,75
1033,27
1033,80
1034,100
1034,75
1034,27
1034,80
1035,7
1035,8
1035,2
1036,7
1036,8
1036,2
1037,7
1037,8
1037,2
1038,7
1038,8
1038,2
1040,7
1040,8
1040,2
1041,16
1042,16
1043,16
1044,16
1045,16
1046,16
1047,16
1048,16
1049,162
1049,36
1049,71
1049,4
1050,162
1050,36
1050,71
1050,4
1051,162
1051,36
1051,71
1051,4
1052,71
1052,142
1052,104
1052,36
1053,71
1053,142
1053,104
1053,36
1054,71
1054,142
1054,104
1054,36
1055,73
1055,92
1055,70
1055,119
1055,101
1055,93
1056,73
1056,92
1056,70
1056,119
1056,101
1056,93
1057,73
1057,92
1057,70
1057,119
1057,101
1057,93
1058,98
1058,93
1058,46
1059,98
1059,93
1059,46
1060,98
1060,93
1060,46
1061,33
1062,120
1062,137
1062,64
1062,90
1062,32
1063,120
1063,137
1063,64
1063,90
1063,32
1064,120
1064,137
1064,64
1064,90
1064,32
1065,76
1065,174
1065,4
1066,76
1066,174
1066,4
1067,76
1067,174
1067,4
1069,79
1069,100
1070,79
1070,100
1071,79
1071,100
1073,51
1073,57
1073,3
1074,51
1074,57
1074,3
1075,51
1075,57
1075,3
1076,22
1076,18
1076,47
1076,15
1077,22
1077,18
1077,47
1077,15
1078,22
1078,18
1078,47
1078,15
1079,63
1080,63
1081,63
1082,77
1082,32
1082,25
1083,77
1083,32
1083,25
1084,80
1085,42
1085,58
1085,60
1085,38
1085,37
1086,42
1086,58
1086,60
1086,38
1086,37
1087,42
1087,58
1087,60
1087,38
1087,37
1088,24
1088,3
1088,28
1089,24
1089,3
1089,28
1090,24
1090,3
1090,28
1091,30
1091,31
1091,62
1092,30
1092,31
1092,62
1093,30
1093,31
1093,62
1094,19
1094,57
1094,49
1095,19
1095,57
1095,49
1096,19
1096,57
1096,49
1097,44
1097,26
1097,61
1098,44
1098,26
1098,61
1099,44
1099,26
1099,61
1100,36
1100,55
1100,13
1100,52
1101,36
1101,55
1101,13
1101,52
1102,36
1102,55
1102,13
1102,52
1103,53
1103,16
1103,14
1103,46
1103,45
1104,53
1104,16
1104,14
1104,46
1104,45
1105,53
1105,16
1105,14
1105,46
1105,45
1106,19
1106,20
1106,25
1106,15
1107,19
1107,20
1107,25
1107,15
1108,175
1108,176
1108,34
1108,104
1108,7
1109,73
1110,73
1111,73
1112,100
1112,72
1112,60
1112,87
1112,75
1112,50
1113,100
1113,72
1113,60
1113,87
1113,75
1113,50
1114,41
1114,54
1114,17
1114,1
1115,41
1115,54
1115,17
1115,1
1116,41
1116,54
1116,17
1116,1
1117,27
1119,62
1120,62
1121,62
1122,48
1122,33
1122,39
1122,23
1122,32
1123,48
1123,33
1123,39
1123,23
1123,32
1124,63
1125,63
1126,24
1127,66
1127,5
1127,70
1127,68
1127,27
1128,66
1128,5
1128,70
1128,68
1128,27
1129,66
1129,5
1129,70
1129,68
1129,27
1130,42
1130,37
1130,29
1130,98
1130,56
1131,42
1131,37
1131,29
1131,98
1131,56
1132,42
1132,37
1132,29
1132,98
1132,56
1133,29
1134,29
1135,83
1135,75
1135,12
1135,57
1136,83
1136,75
1136,12
1136,57
1137,63
1138,63
1139,63
1140,63
1141,9
1141,59
1141,11
1141,12
1141,13
1142,9
1142,59
1142,11
1142,12
1142,13
1143,18
1143,2
1144,18
1144,2
1145,78
1146,119
1146,24
1147,30
1147,15
1147,75
1147,62
1148,30
1148,15
1148,75
1148,62
1149,154
1149,103
1149,177
1149,31
1149,71
1150,154
1150,103
1150,177
1150,31
1150,71
1151,55
1152,82
1153,82
1154,3
1155,82
1155,3
1156,38
1157,82
1158,38
1159,38
1160,38
1161,97
1161,35
1162,97
1162,35
1163,24
1164,24
1166,32
1167,21
1169,79
1171,79
1173,31
1174,31
1175,83
1176,100
1177,2
1180,3
1181,3
1182,3
1182,99
1183,99
1184,26
1185,26
1188,82
1191,82
1192,73
1221,45
1232,72
1232,82
1238,73
1239,73
1240,73
1249,73
1251,73
1254,73
1256,26
1266,73
1276,82
1314,79
1316,2
1316,3
1316,1
1320,11
1321,71
1323,73
1328,73
1331,2
1338,26
1339,26
1340,26
1512,100
1512,48
1512,5
1512,56
1513,5
1513,65
1513,157
1513,66
1513,135
1513,67
1513,24
1513,63
1513,36
1514,100
1514,75
1514,80
1514,39
1514,16
1514,162
1514,4
1514,2
1514,27
1515,73
1515,64
1515,101
1515,79
1515,57
1515,3
1515,90
1515,93
1515,64
1515,70
1516,37
1516,63
1516,62
1516,30
1516,58
1516,31
1516,26
1516,61
1516,36
1517,16
1517,45
1517,82
1517,15
1517,19
1517,77
1517,7
1517,34
1517,104
1517,18
1517,142
1517,35
1518,23
1518,66
1518,56
1518,29
1518,37
1518,57
1518,22
1518,98
1518,68
1540,15
1540,122
1540,13
1540,126
1541,23
1541,6
1541,87
1541,114
1541,29
1541,109
1542,73
1542,32
1542,26
1542,3
1543,73
1543,32
1543,26
1543,3
1544,68
1544,38
1544,73
1544,37
1545,3
1546,2
1546,3
1546,1
1547,2
1547,3
1547,1
1548,2
1548,3
1548,1
1549,100
1549,73
1550,40
1550,34
1550,3
1551,40
1551,34
1551,3
1552,40
1552,34
1552,3
1553,63
1553,70
1554,42
1554,26
1554,137
1554,66
1554,144
1554,83
1555,42
1555,41
1555,26
1555,70
1555,16
1555,37
1555,83
1556,16
1556,127
1556,147
1556,148
1556,32
1557,53
1557,149
1557,150
1557,87
1557,75
1557,109
1558,24
1558,148
1558,136
1558,40
1559,79
1560,29
1561,3
1562,72
1562,77
1563,93
1563,151
1563,52
1563,55
1563,104
1563,146
1564,100
1564,72
1564,80
1564,41
1564,82
1564,64
1565,76
1565,113
1565,2
1566,76
1566,113
1566,2
1567,16
1568,114
1568,71
1568,90
1568,82
1568,47
1569,90
1569,38
1569,4
1570,90
1570,38
1570,4
1571,66
1571,33
1571,25
1571,141
1571,45
1571,157
1572,63
1573,28
1573,38
1573,137
1574,75
1574,83
1574,2
1575,40
1575,106
1575,2
1576,40
1576,106
1576,2
1577,40
1577,106
1577,2
1578,42
1578,40
1578,48
1578,150
1578,109
1579,42
1579,40
1579,48
1579,150
1579,109
1580,73
1581,73
1582,184
1582,185
1582,127
1582,125
1582,3
1583,184
1583,185
1583,127
1583,125
1583,3
1584,79
1584,73
1585,2
1585,67
1586,45
1586,33
1586,109
1587,73
1587,83
1587,75
1587,20
1587,61
1588,73
1588,35
1588,49
1588,24
1589,62
1589,4
1589,46
1589,75
1589,72
1589,178
1590,135
1590,60
1590,36
1590,32
1591,40
1593,100
1593,83
1593,104
1593,25
1593,34
1593,71
1593,167
1594,138
1594,5
1594,75
1594,56
1597,186
1597,83
1598,186
1598,83
1599,155
1599,154
1599,70
1599,156
1599,47
1600,66
1600,25
1600,6
1600,62
1601,63
1608,62
1608,3
1608,26
1608,37
1608,109
1608,11
1608,72
1608,26
1608,31
1608,40
1618,3
1618,2
1618,7
1619,3
1619,2
1619,7
1620,3
1620,2
1620,7
1679,40
1680,40
1681,40
1695,178
1696,167
1697,48
1697,82
1697,47
1697,119
1697,2
1698,30
1698,19
1699,19
1699,20
1699,39
1699,30
1699,14
1700,16
1700,64
1701,62
1701,4
1701,46
1701,75
1701,72
1701,178
1702,73
1702,35
1702,49
1702,24
1703,135
1703,60
1703,36
1703,32
1704,62
1704,4
1704,75
1704,72
1712,36
1712,13
1712,27
1712,16
1712,64
1712,126
1746,100
1746,73
1747,73
1748,3
1749,3
1750,71
1761,100
1761,35
1761,82
1763,72
1763,119
1764,58
1764,18
1764,93
1764,77
1765,116
1765,73
1766,82
1771,83
1771,71
1771,16
1771,27
1771,32
1771,2
1772,79
1772,63
1772,3
1772,73
1773,72
1773,178
1774,72
1775,2
1775,72
1775,16
1775,79
1775,71
1776,3
1777,27
1777,83
1777,57
1777,40
1777,76
1778,63
1778,32
1778,1
1778,26
1778,75
1779,1
1780,1
1781,7
1781,8
1781,4
1782,7
1782,8
1782,4
1783,7
1783,8
1783,4
1791,79
1795,73
1796,73
1797,73
1799,126
1800,138
1801,83
1802,83
1803,85
1804,135
1805,32
1806,36
1807,60
1808,36
1809,16
1810,13
1811,64
1812,75
1813,61
1814,34
1815,71
1816,35
1817,49
1818,35
1819,26
1821,54
1822,46
1823,75
1824,75
1825,4
1826,4
1827,62
1828,62
1829,62
1830,79
1831,40
1832,104
1833,25
1834,34
1835,100
1836,71
1837,75
1838,56
1839,56
1840,5
1841,64
1842,16
1843,80
1844,1
1845,58
1850,99
1852,70
1852,60
1853,15
1853,79
1853,92
1853,32
1854,38
1854,1
1854,31
1855,73
1861,72
1864,79
1871,3
1872,40
1892,24
1892,29
1892,94
1892,82
1896,63
1898,70
1898,80
1898,72
1898,62
1898,16
1898,71
1898,156
1898,36
1898,7
1898,47
1898,82
1899,80
1899,60
1899,26
1899,73
1899,121
1899,57
1899,161
1899,32
1899,62
1902,110
1902,29
1906,3
1909,187
1910,187
1925,22
1925,59
1925,39
1925,125
1926,171
1926,16
1935,72
1935,82
1936,82
1950,28
1950,76
1950,61
1951,28
1951,76
1951,61
1953,28
1964,72
1967,3
1969,155
1970,28
1970,76
1970,61
1974,100
1974,80
1974,62
1974,1
1974,57
1974,3
1974,104
1974,71
1974,18
1974,83
1974,97
1974,87
2031,3
2033,3
2033,82
2033,73
2033,38
2053,3
2064,24
2064,3
2064,16
2064,80
2064,70
2087,62
2088,72
2089,62
2090,82
2091,73
2092,73
2092,57
2092,77
2092,82
2092,62
2092,33
2092,75
2092,80
2093,16
2094,82
2095,82
2095,80
2095,62
2096,109
2097,72
2097,71
2097,139
2097,3
2097,63
2097,5
2164,32
2238,1
2238,31
2238,38
2239,3
2246,24
2247,29
2249,60
2250,40
2251,187
2252,29
2253,100
2253,27
2253,2
2253,4
2253,16
2253,71
2253,75
2254,30
2254,63
2254,61
2254,26
2254,62
2254,37
2254,58
2255,11
2255,13
2255,24
2255,47
2255,4
2255,72
2255,64
2255,146
2255,82
2255,38
2255,25
2255,9
2256,100
2256,35
2256,30
2256,62
2256,31
2256,71
2256,34
2256,45
2256,103
2256,18
2256,2
2256,75
2306,148
2454,57
2455,41
2455,63
2455,32
2455,27
2455,38
2456,83
2456,31
2457,31
2458,18
2458,79
2458,3
2458,18
2458,83
2458,97
2458,87
2459,79
2460,5
2461,2
2462,3
2463,40
2464,5
2469,83
2470,82
2471,27
2472,1
2473,28
2473,76
2473,61
2475,63
2476,16
2479,82
2486,73
2487,38
2488,27
2499,72
2499,113
2499,83
2499,36
2499,31
2499,71
2499,29
2499,79
2500,40
2500,34
2500,3
2520,35
2521,5
2522,60
2523,60
2524,3
2525,77
2528,102
2535,74
2535,5
2535,75
2535,56
